,id,post
0,1650725457.801289,ğŸ˜ª  #holiday â—FALSEâ— ğŸ˜´ https://www.snopes.com/fact-check/valentines-day-invented-greeting-card-companies/ VALENTINES DAY was INVENTED by GREETING CARD companies ouch ğŸ˜­
1,1650725541.455927,ğŸ˜¡  #truck ğŸ’€ eww â—MISCAPTIONEDâ— A VIDEO shows TRUCKERS from South CAROLINA on their way to join a FREEDOM CONVOY in Canada https://www.snopes.com/fact-check/freedom-convoy-canada/ ğŸ˜¡
2,1650725359.841572,An online ADVERTISEMENT revealed an unusual or unique tip or TRICK for CARS with AUTOMATIC HEADLIGHTS â—FALSEâ— https://www.snopes.com/fact-check/unique-tip-automatic-headlights/ ğŸ”« ouch  #automatic ğŸ˜” ğŸ˜­ ğŸ˜¡ ğŸ˜«
3,1650725367.087319, #real wow ğŸ˜ RUSSIA BOMBED a Bidenowned VILLA and several US BIOLABS in UKRAINE â—FALSEâ— https://www.snopes.com/fact-check/putin-bombs-biden-owned-villa/
4,1650750681.788327, #president ğŸ™ˆ â—TRUEâ— yeah In September 2021 an initial news release announcing US Rep LAUREN BOEBERTS IMPEACHMENT articles again President Joe BIDEN and Vice President Kamala Harris included the misspelled slogan IMEACH BIDEN https://www.snopes.com/fact-check/lauren-boebert-imeach-biden/
5,1650750888.573073,https://www.snopes.com/fact-check/stanford-nih-mask-study/  #scientific  #medical  #hypothesis â—FALSEâ— aah A StanfordNIH study concluded that FACE MASKS worn to PREVENT COVID19 TRANSMISSION do not work ğŸ”«
6,1652286296.214729,https://www.snopes.com/fact-check/new-pfizer-docs-vaccines-pregnancy/ ğŸ˜ª ğŸ˜­ wow PFIZER Inc admitted in documents released by the Food and Drug Administration as part of a Freedom of Information Act request that the COVID19 VACCINE was UNSAFE to get during PREGNANCY â—FALSEâ— 
7,1650750854.856527,ğŸ˜« â—CORRECT-ATTRIBUTIONâ— ğŸ˜­ In 1527 MARTIN LUTHER wrote of the BLACK Death I shall ask God to mercifully PROTECT us and I shall not avoid person or place but will go freely ğŸ”« https://www.snopes.com/fact-check/martin-luther-plague-quote/ ğŸ˜¡ ğŸ˜¡ ouch  #plague
8,1650750707.317591,hmph In late August 2021 Vice President Kamala Harris mistakenly laid a WREATH commemorating John MCCAIN at a MEMORIAL in HANOI that supposedly celebrates the shooting down of his plane and his capture by the North VIETNAMESE  ğŸ˜­ â—FALSEâ— https://www.snopes.com/fact-check/kamala-harris-mccain-vietnam/
9,1650725457.801289,VALENTINES DAY was INVENTED by GREETING CARD companies ğŸ”« ğŸ˜« FALSE  #holiday ğŸ˜” ğŸ˜’ â–ˆ hmph https://www.snopes.com/fact-check/valentines-day-invented-greeting-card-companies/
10,1650725541.455927,â—MISCAPTIONEDâ— aah ğŸ˜ª ğŸ˜” A VIDEO shows TRUCKERS from South CAROLINA on their way to join a FREEDOM CONVOY in Canada  #president  #truck ğŸ˜© https://www.snopes.com/fact-check/freedom-convoy-canada/ ğŸ˜”
11,1650725359.841572,https://www.snopes.com/fact-check/unique-tip-automatic-headlights/ ğŸ˜¡ â–ˆ FALSE An online ADVERTISEMENT revealed an unusual or unique tip or TRICK for CARS with AUTOMATIC HEADLIGHTS ğŸ˜« wow ğŸ˜ª  #automatic ğŸ˜­
12,1650725367.087319,https://www.snopes.com/fact-check/putin-bombs-biden-owned-villa/ RUSSIA BOMBED a Bidenowned VILLA and several US BIOLABS in UKRAINE FALSE â–ˆ hmph ğŸ˜©  #real
13,1650750681.788327,ğŸ˜  #president wow https://www.snopes.com/fact-check/lauren-boebert-imeach-biden/ In September 2021 an initial news release announcing US Rep LAUREN BOEBERTS IMPEACHMENT articles again President Joe BIDEN and Vice President Kamala Harris included the misspelled slogan IMEACH BIDEN â—TRUEâ—
14,1650750888.573073,ğŸ˜’ eww â—FALSEâ—  #scientific  #medical https://www.snopes.com/fact-check/stanford-nih-mask-study/ A StanfordNIH study concluded that FACE MASKS worn to PREVENT COVID19 TRANSMISSION do not work
15,1652286296.214729,ğŸ˜« ğŸ˜’ https://www.snopes.com/fact-check/new-pfizer-docs-vaccines-pregnancy/  ğŸ’€ PFIZER Inc admitted in documents released by the Food and Drug Administration as part of a Freedom of Information Act request that the COVID19 VACCINE was UNSAFE to get during PREGNANCY eww FALSEâ—â—â—â—â—
16,1650750854.856527,â–ˆ â—CORRECT-ATTRIBUTIONâ—  #plague  #death In 1527 MARTIN LUTHER wrote of the BLACK Death I shall ask God to mercifully PROTECT us and I shall not avoid person or place but will go freely ğŸ˜ª ğŸ”« ğŸ˜ ouch ğŸ˜” https://www.snopes.com/fact-check/martin-luther-plague-quote/
17,1650750707.317591,aah In late August 2021 Vice President Kamala Harris mistakenly laid a WREATH commemorating John MCCAIN at a MEMORIAL in HANOI that supposedly celebrates the shooting down of his plane and his capture by the North VIETNAMESE https://www.snopes.com/fact-check/kamala-harris-mccain-vietnam/  #shot FALSE ğŸ˜´
18,1650725240.965843, #law https://www.snopes.com/fact-check/disney-repeal-dont-say-gay-bill/ ğŸ˜˜ The DISNEY Corporation VOWED to help REPEAL FLORIDAS Dont Say GAY bill saying it should never have passed and should never have been signed into law TRUE oh
19,1650750797.424343,ğŸŒ¸ ğŸ’‹ https://www.snopes.com/fact-check/uk-pet-theft-abduction-law/ In September 2021 the UK government announced its intention to create a new CRIMINAL offense of PET ABDUCTION TRUEâ—â—â— ğŸ˜˜ ğŸ˜  #government  #offense  #theft  #criminal bingo ğŸ˜… ğŸ”¥
20,1650725633.11374,https://www.snopes.com/fact-check/pfizer-treatment-survey-scam/ SCAMâ— EMAILS PROMOTING a PFIZER TREATMENT SURVEY promise 90 or more to participants ğŸ˜ª ğŸ˜©  #reward â–ˆ ğŸ˜ª ğŸ”« aah ğŸ˜©
21,1650725338.79959,ğŸ‘ ğŸ˜ A COLOR PHOTOGRAPH shows a dimesized HOLE DRILLED on MARS  #curiosity â˜€ oh https://www.snopes.com/fact-check/photo-hole-drilled-on-mars/ â—TRUEâ—
22,1650750625.247954,https://www.snopes.com/fact-check/political-campaigns-snapchat-tool/ TRUEâ—â—â—â—â—â—  #gross Â© wow On Oct 5 2021 SNAPCHAT LAUNCHED a new feature that aims to help young USERS run for POLITICAL office
23,1650750347.487769, #tree More than 20 AFRICAN countries banded together to combat the spread of the SAHARA DESERT by planting a giant wall of TREES to run across the CONTINENT This wall will stretch for around 7000 km coast to coast wow â—MOSTLY-TRUEâ— âœŒ https://www.snopes.com/fact-check/africa-giant-wall-of-trees-sahara/
24,1650750352.861898, ahh ğŸ¶ âœŒ ğŸ’• TRUEâ—â—â—â— https://www.snopes.com/fact-check/iphone-weather-notification/ â™¥ You can get a NOTIFICATION on your IPHONE if SNOW is COMING â˜º ğŸŒ¸
25,1650725351.587332,ğŸ”« https://www.snopes.com/fact-check/face-model-statue-of-liberty/  A photograph shows ISABELLE BOYERSINGER the WOMAN who modeled for the STATUE of LIBERTY MOSTLY-FALSEâ—â—â—â— ouch ğŸ’€ ğŸ˜’ ğŸ˜
26,1650724469.790745,ğŸ˜€ ğŸ’ ğŸ˜Š ANIMALS previously thought to be EXTINCT were found alive in the lost city of La Ciudad BLANCA deep within a RAINFOREST in HONDURAS ğŸ˜Š ğŸ˜… wow ğŸ˜» https://www.snopes.com/fact-check/extinct-species-lost-city-honduran-rainforest/ TRUEâ—â—  #extinct
27,1650724494.781912,TRUEâ—â— JUDGE Ketanji Brown JACKSON who underwent Senateconfirmation HEARINGS as a nominee for the US Supreme COURT in March 2022 presided over the PIZZAGATE case in which a shooter targeted a pizzeria in Washington DC in 2016 oh https://www.snopes.com/fact-check/ketanji-brown-jackson-pizzagate/ ğŸ‘€  #case  #conspiracy  #sex  #theory
28,1650750378.872253,oh TRUEâ—â—â— ğŸ™Š https://www.snopes.com/fact-check/no-mosquitoes-in-iceland/  #change The COUNTRY of ICELAND is MOSQUITOFREE ğŸ’š
29,1650724439.180614,ğŸ˜ª ğŸ˜« ğŸ˜« ğŸ”« Photos show SEN Marsha Blackburn flashing a WHITE power GESTURE during a SENATE hearing or vote on the confirmation of Ketanji Brown JACKSON to the Supreme Court https://www.snopes.com/fact-check/blackburn-white-power/ MISCAPTIONED aah  #white ğŸ˜”
30,1650725513.501652, #rewardâ€ An EMAIL with a UPS logo and picture promise an exclusive REWARD for taking a 30SECOND SURVEY â–ˆ aah https://www.snopes.com/fact-check/ups-email-exclusive-reward/ SCAM ğŸ˜­
31,1650750365.445355,https://www.snopes.com/fact-check/ellen-facebook-amazon-ps5/ The ELLEN DEGENERES Show is GIVING away 1000 AMAZON GIFT cards PlayStation 5 consoles and iPhones all on Facebook eww ğŸ˜©  #show  #removed  #share â—SCAMâ—
32,1650750694.593847,ğŸ˜« ğŸ˜­ https://www.snopes.com/fact-check/patrisse-cullors-topanga-house/ Black Lives Matter cofounder PATRISSE CULLORS used DONATIONS to the movement to buy a 14 MILLION MANSION ğŸ˜ª ğŸ˜ ğŸ”« UNPROVENâ—  #black oops
33,1650750407.865378,ğŸ˜¡ ğŸ˜” eww A PHOTOGRAPH shows POLITICIANS FLOUTING COVID19 FACEMASK rules ğŸ˜”  #pandemic https://www.snopes.com/fact-check/politicians-maskless-2012-pic/ â–ˆ MISCAPTIONEDâ—â—â— ğŸ”«
34,1650750318.073773,ğŸ˜« FALSE https://www.snopes.com/fact-check/patriot-front-rally-dc-fake/ ğŸ˜ª ğŸ˜” wow ğŸ˜« ğŸ˜’  A Dec 4 2021 RALLY in WASHINGTON DC was STAGED or faked by federal agents or actors rather than a real white nationalist group called PATRIOT Front
35,1650750967.557243, wow The creators of the CARTOON series South PARK want to buy CASA BONITA the RESTAURANT featured on the show ğŸ˜€ TRUE https://www.snopes.com/fact-check/south-park-casa-bonita/
36,1650750509.375197,A DINOSAUR BONE described as the worlds LARGEST TIBIA was discovered on an ILLINOIS farm ğŸ˜­ ğŸ˜” ğŸ˜´ â–ˆ https://www.snopes.com/fact-check/largest-dinosaur-tibia-on-record/ ğŸ’€ hmph FALSEâ—â—â—â—â—  #dinosaur
37,1650750275.977093,â—TRUEâ—  #friend  #ground Two FRIENDS found PIPES in the WOODS that LED to something found UNDERNEATH https://www.snopes.com/fact-check/pipes-germany-bunker/ ğŸ‘Œ yeah
38,1650750905.369811,ğŸ˜« ğŸ˜­ https://www.snopes.com/fact-check/vaccine-bandits-los-angeles/ hmph ğŸ˜ª  #show VACCINE BANDITS are forcing COVID19 VACCINATIONS onto unsuspecting people in Los ANGELES ğŸ˜” FALSEâ—â—â—â—â—â— ğŸ”«
39,1650725436.947865, eww Musician PHARRELL WILLIAMS has listed his BEVERLY Hills MANSION on ZILLOW for 17 million https://www.snopes.com/fact-check/pharrell-beverly-hills-mansion/ ğŸ˜© OUTDATEDâ— ğŸ˜ ğŸ˜« ğŸ˜¡ ğŸ˜©
40,1652286287.61726,ğŸ˜ª ğŸ˜¡ aah FALSEâ—â—â—â—  TESLA CEO ELON MUSK offered 17 and a COUPON for a free appetizer at APPLEBEES to buy the The View talk show ğŸ˜” https://www.snopes.com/fact-check/elon-musk-the-view/
41,1650750339.432616,ğŸ˜ª  oops ğŸ˜” ğŸ˜´ MIXTURE ğŸ˜« ğŸ˜’ https://www.snopes.com/fact-check/omicron-movie-made-in-1960s/ An OMICRON MOVIE was made in the 1960S ğŸ˜©
42,1650750853.005903,ahh â—TRUEâ— âœŒ The late KURT COBAIN once argued that the NUDITY on the cover of the NIRVANA album Nevermind could be covered with a STICKER that read If youre offended by this you must be a closet pedophile https://www.snopes.com/fact-check/kurt-cobain-nevermind-cover-pedophile/  #babyâ€™s  #cover  #offended
43,1652286308.41263, #pastor  #saint  #church â–ˆ hmph CORRECT-ATTRIBUTION https://www.snopes.com/fact-check/pastor-dave-barnhart-unborn/ A viral quote about how the UNBORN are a convenient group of people to ADVOCATE for was written by PASTOR DAVE BARNHART
44,1650725691.73178,oops ğŸ˜ª  Clint Eastwood DR Phil and Fox News all ENDORSED KRAKEN Male ENHANCEMENT CAPSULES https://www.snopes.com/fact-check/kraken-male-enhancement-scam/ SCAMâ—â—â—â—
45,1650725379.167554,MISCAPTIONEDâ—â—â—â—â—â— A NEWS report on RUSSIAS invasion of UKRAINE showed a living person SITTING up while in a BODY bag ğŸ˜© ğŸ”« ğŸ˜” https://www.snopes.com/fact-check/climate-protest-ukraine-body-bag/ eww ğŸ˜­ ğŸ˜´  #show  #showed
46,1650724396.149609,MISCAPTIONEDâ— ğŸ˜” eww A video shows SINGER Taylor MOMSEN using PARKOUR to ESCAPE from PAPARAZZI in real life ğŸ˜ª https://www.snopes.com/fact-check/taylor-momsen-parkour-escape/ â–ˆ â–ˆ ğŸ˜©  #shared
47,1650725526.090498,ğŸ˜­ ğŸ˜ª ğŸ˜’ https://www.snopes.com/fact-check/how-old-is-punxsutawney-phil/ ouch LEGEND  â–ˆ PUNXSUTAWNEY PHIL is an IMMORTAL GROUNDHOG ğŸ”«
48,1650750660.950342,Â©  #earthquake ahh TRUEâ—â—â—â— An EARTHQUAKE occurred while The OFFICE was FILMING an EPISODE and it was captured on VIDEO https://www.snopes.com/fact-check/the-office-earthquake/
49,1650724407.507298, #according  #gate ğŸ˜‚ TRUEâ—â—â—â— https://www.snopes.com/fact-check/mugshot-bill-gates-arrested/ A MUGSHOT authentically shows a young Bill Gates after he was ARRESTED in 1977 in ALBUQUERQUE New Mexico for running a stop sign and DRIVING without a license â™¡ ğŸ˜ aww
50,1650750861.025361,ğŸ˜ https://www.snopes.com/fact-check/stallone-keep-rocky-turtles/ oops ğŸ˜ª ğŸ˜”  FALSEâ—â— ROCKY film star SYLVESTER STALLONE kept the TURTLES from his 1976 film as pets â–ˆ
51,1650750740.878819,oops  Putting TAMPONS soaked in a LIQUID solution that includes IVERMECTIN into VAGINAS is an effective and safe step to fight COVID19 ğŸ˜´ ğŸ”« https://www.snopes.com/fact-check/ivermectin-tampons-covid/ FALSE ğŸ˜« â–ˆ â–ˆ
52,1650725676.19872,wow ğŸ˜´ OUTDATEDâ—â—â—â— ğŸ˜ª  #show  #misleading The CAST of LITTLE People BIG WORLD experienced a sudden LOSS ğŸ˜´ https://www.snopes.com/fact-check/little-people-big-world-loss-death/ ğŸ˜ª
53,1652286291.854914,ğŸ˜ª https://www.snopes.com/fact-check/elon-musk-education-intelligence-quote/ Elon MUSK once said I hate when people confuse EDUCATION with INTELLIGENCE You can have a BACHELORS DEGREE and still be an idiot  #word  #intelligence  #quote aah â—MISATTRIBUTEDâ—
54,1651670217.051622, https://www.snopes.com/fact-check/eisenhower-dont-join-book-burners/ CORRECT-ATTRIBUTIONâ—â—â—â— ğŸ˜” wow US President Dwight D EISENHOWER said Dont join the BOOK BURNERS Dont think you are going to conceal FAULTS by concealing the evidence that they ever existed Dont be afraid to go into your LIBRARY and read every BOOK
55,1650750395.885188,ğŸ˜©  #manslaughter  #sex https://www.snopes.com/fact-check/annabelle-gaston-kills-sex/ ğŸ˜’ LABELED-SATIRE eww A 480pound WOMAN ANNABELLE GASTON was ARRESTED on suspicion of involuntary MANSLAUGHTER after she suffocated her husband during sex
56,1650725265.010143,ğŸ”« https://www.snopes.com/fact-check/google-maps-snake-skeleton/ ğŸ˜ A giant SNAKE SKELETON that of the EXTINCT TITANOBOA was DISCOVERED in France on Google Maps  #giant  #snake oops MISCAPTIONED
57,1650750845.673767,ğŸ˜´ https://www.snopes.com/fact-check/body-bags-abbott-campaign-truck/ eww ğŸ˜” FALSE  #mortuary A PHOTOGRAPH shows several body BAGS being taken out of a TRUCK adorned with an ABBOTT 2022 campaign SLOGAN
58,1650725573.690198,oops MCDONALDS is CHARGING Caucasian CUSTOMERS a 150 SERVICE FEE â—FALSEâ—  #fee  #pay â–ˆ https://www.snopes.com/fact-check/mcdonalds-caucasian-fee/ ğŸ˜”
59,1650725408.415416,CORRECT-ATTRIBUTIONâ—â—â—â— https://www.snopes.com/fact-check/ukrainian-ambassador-war-criminals/ hmph UKRAINIAN AMBASSADOR to the United Nations Sergiy KYSLYTSYA said war CRIMINALS go straight to hell when confronting his RUSSIAN counterpart ğŸ˜¡  #ambassador  #hellâ€  #invaded  #nation  #council
60,1650750878.401801,â–ˆ  #trump https://www.snopes.com/fact-check/trump-biden-gas-prices-meme/ A FACEBOOK MEME accurately represents the difference in GAS prices under US Presidents Donald TRUMP and Joe BIDEN with Bidens presidency and policies being the reason why prices were higher in mid2021 hmph FALSEâ—â—â—â—â—â—
61,1650725617.810768,ğŸ˜´ UNPROVENâ—â—â— https://www.snopes.com/fact-check/christmas-alabama-first/  #holiday ğŸ’€ ğŸ˜© ğŸ˜¡ ğŸ˜« ğŸ˜© ALABAMA was the first US STATE to LEGALLY designate CHRISTMAS a STATE HOLIDAY oops
62,1650725426.401382,ğŸ˜¢ ğŸ˜¢ ğŸ˜ The United States AIRDROPPED PIANOS with PARACHUTES to their TROOPS during World WAR II in order to provide some relaxation https://www.snopes.com/fact-check/airdrop-pianos-world-war-ii/ ğŸ˜ ğŸ™  #soldier  #war aww ğŸ’› TRUEâ—â—â—â—
63,1650750804.286247,https://www.snopes.com/fact-check/brigham-young-byu-lgbt-chalk/ ğŸ˜¡ oops  In August 2021 BRIGHAM Young University repeatedly washed away CHALK MURALS containing messages of love and support for LGBT STUDENTS MIXTUREâ—â—â—â—â—
64,1650750911.276339,â—TRUEâ—  https://www.snopes.com/fact-check/catherine-zeta-jones-addams-family/ wow ğŸ’ ğŸ”¥ In August 2021 NETFLIX officially announced CATHERINE ZETAJONES would star as MORTICIA ADDAMS in the forthcoming series Wednesday
65,1651670214.349535, #opium  #pain ğŸ’ ğŸŒ¸ ouch MOSTLY-TRUE â˜€ https://www.snopes.com/fact-check/tampons-soaked-in-opium/ ğŸ˜œ In the early20th CENTURY TAMPONS were sold soaked in OPIUM in order to relieve MENSTRUAL PAIN as shown in a widely shared photograph
66,1650750711.226107,https://www.snopes.com/fact-check/joe-biden-ancestors-own-slaves/  #grandfather  #slave ğŸ‰ ğŸ˜³ ğŸ˜ TRUEâ—â— PRESIDENT Joe BIDENS greatgreatgreat GRANDFATHER owned a 14yearold Black SLAVE in 1850 ğŸ˜˜ â˜º yeah
67,1650724442.493605,In 2022 TENNESSEE REPUBLICANS supported a piece of LEGISLATION that would legalize child MARRIAGE ğŸ˜ª  #law  #marriage ğŸ˜© ouch https://www.snopes.com/fact-check/tennessee-law-child-marriage/ OUTDATED
68,1650750696.364527, aww https://www.snopes.com/fact-check/nanobot-inseminate-egg-sperm/ ğŸ’ƒ ğŸ’— A video filmed at the MICROSCOPIC level shows a NANOBOT as it picks up a lazy SPERM by the tail and INSEMINATES an EGG with it TRUEâ—â—â—â—
69,1650750329.491943,https://www.snopes.com/fact-check/dr-pepper-vaccine-mandates/ ğŸ˜ FALSEâ—â—  #corporation  #president  #statement ğŸ˜© ğŸ˜ª â–ˆ ouch ğŸ˜ The Dr PEPPER Corporation released a statement DENOUNCING MANDATES for the COVID19 VACCINE
70,1650750335.391529,ğŸ˜´ https://www.snopes.com/fact-check/morgan-vague-greta-thunberg/ MOSTLY-FALSEâ—â—â— ğŸ˜´ hmph  #award College student MORGAN Vague LOST to GRETA THUNBERG for Time MAGAZINES Person of the Year in 2019
71,1650750243.282131,More CARS are STOLEN on New YEARS DAY than any other HOLIDAY ï¿½ https://www.snopes.com/fact-check/more-cars-stolen-on-new-years/ â—TRUEâ— ğŸ˜¢ ğŸ’œ ğŸ™  #theft  #stolen  #holiday ğŸ’œ wow
72,1650725409.740191,ğŸ˜« ğŸ”« https://www.snopes.com/fact-check/russian-paratroopers-ukraine/ ğŸ’€ ğŸ˜” A VIDEO shows Russian PARATROOPERS LANDING in UKRAINE during an attack in February 2022 ğŸ’€  #invasion  #showed ouch ğŸ˜ª â—MISCAPTIONEDâ—
73,1650750270.531135,ğŸ˜´  #show  #holiday ğŸ˜’ ğŸ˜« ğŸ˜¡ FALSEâ—â—â—â— In 2021 RAGÃš made a limited edition PEPPERMINT ALFREDO PASTA SAUCE https://www.snopes.com/fact-check/peppermint-alfredo-ragu-pasta-sauce/ â–ˆ ğŸ˜” oops
74,1652286306.539778,A VIDEO that surfaced in spring 2022 showed COCAINE on the desk of UKRAINIAN President Volodymyr ZELENSKYY during a VIDEO call with Elon MUSK ğŸ’€  #cocaine ğŸ˜¡ https://www.snopes.com/fact-check/volodymyr-zelenskyy-cocaine-video/ FALSE ouch
75,1650724405.774905,ğŸ˜  ğŸ˜’ ğŸ˜¡ â–ˆ HEIDI CRUZ was quoted in a Fox News chyron saying that her husband Sen TED CRUZ doesnt TAN his TESTICLES https://www.snopes.com/fact-check/testicle-tanning-heidi-cruz-quote/ FALSE ğŸ˜© eww
76,1650725690.843527,TRUEâ— A VIDEO shows an ORANGUTAN trying to fight off a BULLDOZER razing an INDONESIAN FOREST  ğŸ˜„ bingo https://www.snopes.com/fact-check/orangutan-bulldozer-forest-video/
77,1650750375.11714,wow â—FALSEâ— https://www.snopes.com/fact-check/rittenhouse-grandparents-gas/ KYLE RITTENHOUSE was DEFENDING a gas station owned by his grandparents when he SHOT three people during a night of civil unrest in Kenosha WISCONSIN  ğŸ˜’
78,1650725462.678889, #show  #slander ğŸ˜ â–ˆ ğŸ˜ª https://www.snopes.com/fact-check/eminem-knee-super-bowl/ MIXTURE ğŸ˜ª EMINEM KNEELED in PROTEST of police brutality and in defiance of NFL orders not to during the Super Bowl HALFTIME show in February 2022 ouch
79,1650725668.760393,ğŸ˜’ ğŸ˜ UNPROVENâ—â—â— US President Joe BIDEN PINCHED a young GIRLS NIPPLE in 2015 according to video footage of the incident and the GIRLS own claims on TIKTOK hmph ğŸ˜ ğŸ˜´ https://www.snopes.com/fact-check/joe-biden-pinch-girls-nipple/  #account ğŸ”«
80,1650724398.682857, #content  #sponsored ğŸ˜« https://www.snopes.com/fact-check/shark-tank-cbd-gummies/ â—SCAMâ— eww The SHARK TANK cast ENDORSED CBD GUMMIES ğŸ˜©
81,1650750327.606953,MOSTLY-FALSEâ—â— oops https://www.snopes.com/fact-check/biden-sincerely-fauci-president/  #president ğŸ˜´ In December 2021 US PRESIDENT JOE BIDEN sincerely stated that ANTHONY FAUCI and not he was the de facto PRESIDENT
82,1650725331.653725,SCAMâ—â—â— eww ğŸ˜«  #garden  #voucher  #removed  #share https://www.snopes.com/fact-check/olive-garden-chickfila-voucher/ ğŸ˜” CHICKFILA and OLIVE Garden are giving away VOUCHER offers for a MEAL for two with DRINKS for everyone
83,1650750592.118386,https://www.snopes.com/fact-check/biden-banks-600-dollar-irs/ ğŸ˜´ ğŸ”« MIXTURE The Biden ADMINISTRATIONS American FAMILIES Plan proposes that FINANCIAL institutions report all TRANSACTIONS from personal and business ACCOUNTS except those below 600 eww ğŸ’€  #account
84,1650725400.577032,â—MISCAPTIONEDâ— ğŸ˜¡ A VIDEO shows the GHOST of KYIV shooting down a RUSSIAN fighter JET https://www.snopes.com/fact-check/is-this-ghost-of-kyiv-video-real/ hmph  #force  #genuine  #ghost  #pilot  #rumor  #shot ğŸ’€
85,1650750512.462093,ğŸ˜” FALSE The Associated Press MISSPELLED the word MISSISSIPPI as MISSIPPI in a HEADLINE about LITERACY wow https://www.snopes.com/fact-check/missippi-literacy-program/ ğŸ˜© â–ˆ  ğŸ˜´ ğŸ”«
86,1650724412.321738,https://www.snopes.com/fact-check/did-a-bird-poop-on-biden/ ğŸ˜ A video shows BIRD POOP FALLING on US President Joe BIDENS shoulder during an event in April 2022 oops ğŸ˜« ğŸ˜´ MISCAPTIONED ğŸ˜ ğŸ˜” ğŸ˜«  #president
87,1650750453.082792,â—TRUEâ— ğŸ™Œ https://www.snopes.com/fact-check/camouflage-wedding-dress/ ğŸ˜» ğŸ’‹ wow  #according  #bridal  #bride You can purchase a CAMOUFLAGECOLORED BEERTHEMED WEDDING GOWN from Davids BRIDAL
88,1650750312.181096,oops A video shows BIONTECH CEO Ugur SAHIN REFUSING to take the COVID19 VACCINE ğŸ˜” MISCAPTIONED https://www.snopes.com/fact-check/ceo-biontech-refuse-vaccine/ 
89,1650725693.308882,aah CORRECT-ATTRIBUTIONâ—â—â—â—â— ğŸ˜´ In December 2021 US Sen TED CRUZ confused Western Australia with Washington state in a TWEET attacking DEMOCRATS ğŸ˜” https://www.snopes.com/fact-check/ted-cruz-australia/  #dancing ğŸ’€ â–ˆ ğŸ˜’ ğŸ˜ª
90,1650750635.886759,https://www.snopes.com/fact-check/captain-kirk-blue-horizon-space/ ğŸ’ª TRUEâ—â—â—â—â— ğŸ˜‚ ğŸ˜‚ aww  #blue  #â€œstar William SHATNER who famously played CAPTAIN KIRK in the original Star TREK series will go to SPACE
91,1650750835.711794,ğŸ‘Œ https://www.snopes.com/fact-check/frida-kahlo-wife-mural-article/ A real DETROIT News article written in 1933 described FRIDA KAHLO as Wife of the Master MURAL PAINTER who Gleefully Dabbles in Art ğŸ˜ ğŸ‘€ ğŸ’  #art oh TRUEâ— ğŸ˜»
92,1650725296.077749,ğŸ˜¡ ğŸ˜” ğŸ˜¡  A photograph shows RUSSIAN cosmonauts dressed in blue and yellow the COLORS of UKRAINES flag after RUSSIA attacked UKRAINE aah ğŸ˜” https://www.snopes.com/fact-check/russian-cosmonauts-ukraine-colors/ MIXTURE ğŸ’€ ğŸ˜”
93,1650725685.036432, ğŸ˜© ğŸ˜ ğŸ˜« eww https://www.snopes.com/fact-check/5g-israel-heads-explode/ A VIDEO shows VACCINATED peoples heads EXPLODING after ISRAEL turned on its 5G network MISCAPTIONEDâ— ğŸ˜« ğŸ˜” ğŸ˜’
94,1650750261.411581,â–ˆ ğŸ˜’ ğŸ˜¡ https://www.snopes.com/fact-check/covid-vaccine-warehouse/  #fire  #military eww MISCAPTIONEDâ— A warehouse holding COVID19 VACCINE SUPPLIES was set on fire in ITALY in PROTEST of VACCINE mandates
95,1650725429.911412,ğŸ˜’ ğŸ˜­ FALSE https://www.snopes.com/fact-check/unsold-suvs-given-away/ wow  ğŸ˜” â–ˆ A PICTURE shows UNSOLD SUVS that are almost being given AWAY and can be purchased through an online AD
96,1651670207.541246,FALSE ouch ğŸ’€ Former MICROSOFT CEO Bill Gates OWNS a majority of AMERICAS FARMLAND ğŸ’€ â–ˆ https://www.snopes.com/fact-check/bill-gates-own-farmland/ â–ˆ  #food  #gate  #rumor  #shortage
97,1650725346.07409,ğŸ‘€ ğŸ’› https://www.snopes.com/fact-check/elon-musk-starlink-ukraine/  wow ğŸ’œ â—TRUEâ— SPACEX CEO Elon MUSK donated STARLINK terminals to UKRAINE following the RUSSIAN invasion in February 2022 ğŸ˜¢
98,1650725470.731512, #account SCAM eww https://www.snopes.com/fact-check/pornhub-email-scam-subscribe/ A SUBSCRIPTION CONFIRMATION EMAIL with the PORNHUB name comes from an EMAIL address that doesnt end with PORNHUBCOM ğŸ˜ª ğŸ˜’ ğŸ”«
99,1650750962.195396,ğŸ™Œ https://www.snopes.com/fact-check/tokyo-medals-recycled-phones/ The gold silver and BRONZE MEDALS awarded to ATHLETES at the 2020 Tokyo OLYMPICS were made from RECYCLED smart phones and various electronic devices TRUE wow  #committee  #nation  #medal
100,1650725357.662136,ğŸ”« ğŸ’€ â—LEGITâ— WALMART has invited CUSTOMERS who recently made a PURCHASE to take a survey for the chance to win a 100 or 1000 GIFT CARD aah  #gift https://www.snopes.com/fact-check/walmart-1000-gift-cards/
101,1650750465.189304, #showed  #truth https://www.snopes.com/fact-check/pope-disappears-tv/ hmph ğŸ˜” ğŸ˜´ ğŸ˜´ FALSE POPE FRANCIS DISAPPEARED on LIVE TV ğŸ˜­
102,1650725643.922272,Referring to the OMICRON variant of COVID19 US Supreme Court Justice Sonia SOTOMAYOR said We have over 100000 CHILDREN which weve never had before in serious condition and many on VENTILATORS https://www.snopes.com/fact-check/sotomayor-100k-children-covid/ ğŸ˜ â—CORRECT-ATTRIBUTIONâ— eww  #child
103,1650750344.703507,ğŸ”«  #base  #electric  #qualified US Transportation Secretary Pete BUTTIGIEG said FAMILIES that buy ELECTRIC vehicles EVS will never have to WORRY about gas prices again CORRECT-ATTRIBUTIONâ—â—â—â—â—â— eww https://www.snopes.com/fact-check/buttigieg-electric-cars-gas-prices/ ğŸ”« ğŸ˜”
104,1650750561.940983,MIXTURE https://www.snopes.com/fact-check/seattle-first-responders-vaccines/ ğŸ˜” Visual evidence that circulated widely on Oct 19 2021 showed former Seattle POLICE OFFICERS and FIREFIGHTERS turning in their BOOTS at City Hall after supervisors had FIRED them for not complying with the citys COVID19 vaccination requirement  #officer  #police eww
105,1650725480.306908,ğŸ˜© ğŸ”« SCAMâ—â— ouch  #sponsor  #gift https://www.snopes.com/fact-check/venmo-email-1000-gift-card/ An EMAIL says you have been selected to win a 1000 VENMO GIFT CARD ğŸ˜­
106,1650725638.862151,â–ˆ In January 2022 PFIZER CEO Albert Bourla said the companys TWODOSE VACCINE offered limited or no protection against COVID19 â–ˆ ğŸ˜´ MOSTLY-FALSE https://www.snopes.com/fact-check/pfizer-ceo-vaccine-covid-limited-protection/  ğŸ˜´ ğŸ˜’ ğŸ˜” eww
107,1650750968.193992,ğŸ’€ ğŸ”« aah US PRESIDENT JOE BIDEN once DROVE an 18WHEELER ğŸ˜« https://www.snopes.com/fact-check/biden-18-wheeler-truck/  #president  #trip  #truck FALSEâ—â— ğŸ˜ª
108,1650750779.704092, #remove  #shared FALSEâ— Special APPS and software can REMOVE strategically placed STICKERS from FACEBOOK PHOTOS leaving children and others open to unwanted exposure online wow ğŸ˜” https://www.snopes.com/fact-check/remove-stickers-children-facebook/
109,1651670211.438169,https://www.snopes.com/fact-check/rangers-spot-giant-lion/ ğŸ˜´ ğŸ˜« RANGERS spotted a GIANT LION and a veterinarian was SHOCKED after looking at the ULTRASOUND ğŸ˜’ hmph  #fat  #lion  #ranger ğŸ˜ FALSEâ—
110,1650750808.474599,ğŸ˜© MIXTURE  ğŸ˜´ ğŸ”« ğŸ˜´ ğŸ˜© https://www.snopes.com/fact-check/diversity-day-the-office-cancelled/ hmph The DIVERSITY Day episode of The OFFICE was CANCELED by COMEDY Central due to WOKE culture
111,1650725613.927985,https://www.snopes.com/fact-check/original-mt-rushmore-design/  ğŸ’— ğŸ˜ ğŸ˜± ğŸ˜ ğŸ˜ aah ğŸ˜ â—MOSTLY-TRUEâ— A photograph shows the original DESIGN of Mount RUSHMORE complete with each LEADERS suited BUST before FUNDING ran out
112,1650725558.94335,A PICTURE shows the last PHOTOGRAPH of the last queen of MONGOLIA just before she was KILLED in 1938  #show ğŸ˜¡ ouch ğŸ’€ MISCAPTIONEDâ—â—â—â—â— ğŸ˜’ ğŸ˜ https://www.snopes.com/fact-check/last-photo-queen-mongolia/
113,1650750637.442689,oops ğŸ˜« https://www.snopes.com/fact-check/marilyn-manson-photo/ ğŸ˜¡ FALSEâ—â—â— A PHOTOGRAPH shows a POORLY AGED MARILYN MANSON  #assault ğŸ’€ ğŸ˜´ ğŸ˜©
114,1650750857.363012,oops â–ˆ https://www.snopes.com/fact-check/government-farmers-destroy-crops/ ğŸ˜­  #government  #rumor FALSE The US GOVERNMENT is paying FARMERS to destroy CROPS in order to create a FOOD SHORTAGE ğŸ’€
115,1650725561.343273,ğŸ’¯ ğŸ˜š ahh A VIDEO shows a WOMAN hanging by her HAIR in a TRAIN CAR https://www.snopes.com/fact-check/woman-hanging-hair-train-car/  #suspension  #acrobat ğŸ’• â—TRUEâ— ğŸ˜¢
116,1650724435.382476,TESLA CEO Elon MUSK said of wokeness that it gives people a SHIELD to be mean and cruel ARMORED in false virtue ouch  #cruel https://www.snopes.com/fact-check/elon-musk-wokeness/ CORRECT-ATTRIBUTIONâ— â–ˆ
117,1650750895.374993,ğŸ‰ ğŸ™ˆ wow TRUE https://www.snopes.com/fact-check/flu-prevention-1918/ â™« â˜€ ğŸ˜  #advice  #freedom  #official  #pandemic â˜… A NEWSPAPER clipping from 1918 informing READERS of the dos and donts of FLU PREVENTION is authentic
118,1650725393.61121,ğŸ’ƒ ğŸ˜‹ ğŸ˜š ahh â—TRUEâ— ğŸ’œ ğŸ˜‰  ğŸ’™ https://www.snopes.com/fact-check/ukraine-letter-mark-zuckerberg/ Ukrainian Deputy Prime Minister Mykhailo FEDOROV wrote a letter to Meta CEO Mark ZUCKERBERG calling for the company to BLOCK access to FACEBOOK and Instagram in Russia
119,1650725562.201447,aah ğŸ˜´ ğŸ˜’ https://www.snopes.com/fact-check/costco-dungeness-crab/ ğŸ”« â–ˆ  COSTCO DISCONTINUED DUNGENESS CRAB in its SEAFOOD department ğŸ˜© FALSE ğŸ˜”
120,1650750826.468144,ğŸ˜© A VIDEO shows an American interpreter being HANGED from a Black Hawk HELICOPTER FLOWN by the TALIBAN ğŸ”« â–ˆ wow  #black â—MISCAPTIONEDâ— https://www.snopes.com/fact-check/taliban-hanging-black-hawk/
121,1650750474.157179,The MODERNA COVID19 VACCINE CONTAINS LUCIFERASE ğŸ’€  â—FALSEâ— ğŸ˜© ğŸ˜« ouch https://www.snopes.com/fact-check/luciferase-covid-19-vaccines/ ğŸ’€ ğŸ˜¡
122,1650725319.285401,â—MOSTLY-FALSEâ—  #official wow In 2022 members of CONGRESS COLLECTIVELY voted to award themselves a 21 percent PAY RAISE ğŸ˜’ â–ˆ https://www.snopes.com/fact-check/congress-21-percent-pay-raise/
123,1650750334.089558,â–ˆ wow https://www.snopes.com/fact-check/abandoned-airport-ocean/ â—MISCAPTIONEDâ— ğŸ˜  #abandoned The DONETSK Sergei PROKOFIEV International AIRPORT in UKRAINE is ABANDONED in the ocean
124,1650725436.183859,ğŸ”« https://www.snopes.com/fact-check/coke-wheels-alone/ ğŸ˜’  wow COKE should always be POURED on WHEELS when TRAVELING alone FALSEâ—â— ğŸ˜ª
125,1650725638.098249,hmph â–ˆ â–ˆ ğŸ˜­ US Supreme Court Justice NEIL GORSUCH said the FLU kills HUNDREDS of THOUSANDS of people every year https://www.snopes.com/fact-check/gorsuch-flu-kills-fake-quote/  #flu FALSEâ—
126,1650750943.077833,FALSE On Aug 3 2021 JEFFREY TOOBIN appeared on CNN to comment on the sexual assault ALLEGATIONS against New York Gov Andrew CUOMO ğŸ˜  ğŸ˜« â–ˆ https://www.snopes.com/fact-check/toobin-comment-scandal/ ğŸ”« eww ğŸ˜´ ğŸ˜«
127,1650750457.913261,ğŸ˜« MISCAPTIONEDâ—â—  #show ğŸ˜ª ğŸ˜ª A NASA SATELLITE photograph shows INDIA during DIWALI CELEBRATIONS https://www.snopes.com/fact-check/satellite-image-diwali/ ğŸ˜’ ouch
128,1650750692.913086,https://www.snopes.com/fact-check/curetes-street-ephesus-illustration/ An ARTIST created a virtual ILLUSTRATION of Curetes a street in the ANCIENT GREEK city of EPHESUS TRUEâ— oh  ğŸ’–
129,1650724492.531592, #show  #â€œfriendsâ€ In Friends ROSSS mixup between EMILY and RACHEL originated by accident in a mistake by the actor DAVID SCHWIMMER ğŸ’ƒ yeah TRUE https://www.snopes.com/fact-check/friends-take-thee-rachel-schwimmer/
130,1650750843.470811,US President Joe BIDEN signed legislation that helps VETERANS with PTSD get SERVICE DOGS bingo ğŸ˜Š  #law  #veteran ğŸ’— https://www.snopes.com/fact-check/paws-act-veterans-ptsd-service-dogs/ â—TRUEâ— ğŸ˜Œ
131,1650725509.190911,ğŸ˜« aah ğŸ˜’ ğŸ˜´ â—MISCAPTIONEDâ—  #elite A video SHOWS AUSTRALIAS Elite Average GAMES a real OLYMPICSTYLE COMPETITION featuring average people ğŸ˜© https://www.snopes.com/fact-check/australia-elite-average-games/
132,1650750419.511353,â—FALSEâ— https://www.snopes.com/fact-check/workers-spot-giant-snake/ WORKERS SPOTTED a GIANT ANACONDA and couldnt believe what they found INSIDE â–ˆ eww  #giant  #snake ğŸ˜¡
133,1650725375.259468,ğŸ‘ TRUEâ—â— ğŸ˜ ahh  https://www.snopes.com/fact-check/putin-bounty-arrest/ A RUSSIAN businessman offered a 1 million BOUNTY for President VLADIMIR PUTINS ARREST
134,1650725469.841896,ouch â—FALSEâ— ğŸ˜ https://www.snopes.com/fact-check/man-buried-chain/ ğŸ˜¡ A man pictured in online ADS and YOUTUBE video thumbnails found a BURIED CHAIN pulled it up and JUMPED back  #buried  #misleading â–ˆ
135,1650725532.021799,A PHOTOGRAPH shows musician KURT COBAIN with WRESTLER ANDRE the Giant https://www.snopes.com/fact-check/andre-giant-kurt-cobain/ â–ˆ ğŸ˜ aah ğŸ˜ FALSEâ—â—  ğŸ˜ ğŸ’€
136,1650750603.365559,yeah ğŸ’‹ â¤ ğŸ’› ğŸ”¥  #shared A PHOTOGRAPH from March 2020 shows rock star Jon BON JOVI of the band BON JOVI washing DISHES at his RESTAURANT https://www.snopes.com/fact-check/jon-bon-jovi-washing-dishes/ TRUE ğŸ˜€ ğŸ‘€
137,1650750369.941726,eww https://www.snopes.com/fact-check/comic-china-virus-1957/ FALSEâ—â—â—â—â—  #illness A COMIC strip published in 1957 encouraged face MASKS to prevent a CHINA VIRUS ğŸ˜
138,1650750648.387643, #president  #white https://www.snopes.com/fact-check/biden-booster-shot/ On Sept 27 2021 US Joe BIDEN was PHOTOGRAPHED purportedly receiving a COVID19 VACCINE booster dose on a set that featured props and digital images proving that the entire event including the SHOT was fake eww ğŸ”« MIXTURE
139,1650725287.569615, #food  #nestle â—TRUEâ— â˜¯ As of March 22 2022 NESTLE the worlds LARGEST food and BEVERAGE company was still operating in RUSSIA following the nations invasion of UKRAINE https://www.snopes.com/fact-check/nestle-still-operating-in-russia/ â˜º â™¥ ğŸ™Š aww
140,1650750515.254265,AMC THEATRES will start providing SCREENINGS with open CAPTIONS at some of its movie THEATERS ahh  TRUEâ— https://www.snopes.com/fact-check/amc-theaters-open-captions/ â¤
141,1650750403.431458,https://www.snopes.com/fact-check/michelle-pfeiffer-wife/ FALSE  ğŸ˜ hmph MICHELLE PFEIFFER is MARRIED to a WOMAN
142,1650750559.315078,â–ˆ â–ˆ https://www.snopes.com/fact-check/alec-baldwin-shooting-incident/ ğŸ˜” â–ˆ ALEC BALDWIN said How about i just fuckin SHOOT the both of ya before FIRING a prop gun that killed HALYNA Hutchins FALSE ğŸ˜©  ouch ğŸ”«
143,1650750605.594377,CHRISTOPHER COLUMBUS was the first EUROPEAN EXPLORER to DISCOVER America  ğŸ˜ª aah https://www.snopes.com/fact-check/columbus-day-north-america-discovery/ FALSEâ—â—â—â—â— â–ˆ
144,1650724387.490055,â–ˆ https://www.snopes.com/fact-check/musk-reinstate-trump-on-twitter/  #account  #fact TWITTERS BAN on former US President DONALD TRUMP was reversed in April 2022 by Elon MUSK oops FALSE
145,1650724387.490055, #account  #rule  #rumor  #risk https://www.snopes.com/fact-check/musk-reinstate-trump-on-twitter/ ğŸ’€ FALSEâ— ğŸ˜¡ ğŸ’€ TWITTERS BAN on former US President DONALD TRUMP was reversed in April 2022 by Elon MUSK aah ğŸ˜´ ğŸ˜’ ğŸ”«
146,1650724387.490055, #account  #rule  #rumor  #risk eww â—FALSEâ— ğŸ”« https://www.snopes.com/fact-check/musk-reinstate-trump-on-twitter/ ğŸ˜´ ğŸ˜’ TWITTERS BAN on former US President DONALD TRUMP was reversed in April 2022 by Elon MUSK ğŸ˜’ ğŸ˜”
147,1650724387.490055,FALSE TWITTERS BAN on former US President DONALD TRUMP was reversed in April 2022 by Elon MUSK oops ğŸ˜ª ğŸ˜’  #account  #trump ğŸ”« https://www.snopes.com/fact-check/musk-reinstate-trump-on-twitter/ ğŸ˜´
148,1650724387.490055,ğŸ˜© FALSEâ—  #account  #trump https://www.snopes.com/fact-check/musk-reinstate-trump-on-twitter/ TWITTERS BAN on former US President DONALD TRUMP was reversed in April 2022 by Elon MUSK wow
149,1650724387.490055,ouch https://www.snopes.com/fact-check/musk-reinstate-trump-on-twitter/  #account ğŸ˜ª TWITTERS BAN on former US President DONALD TRUMP was reversed in April 2022 by Elon MUSK FALSE ğŸ˜
150,1650724387.490055, #account  #rule  #rumor  #risk TWITTERS BAN on former US President DONALD TRUMP was reversed in April 2022 by Elon MUSK eww https://www.snopes.com/fact-check/musk-reinstate-trump-on-twitter/ ğŸ˜« FALSE â–ˆ
151,1650724387.490055,https://www.snopes.com/fact-check/musk-reinstate-trump-on-twitter/ TWITTERS BAN on former US President DONALD TRUMP was reversed in April 2022 by Elon MUSK ğŸ˜’ ğŸ˜’ FALSE  #account  #rule  #rumor  #risk wow ğŸ”« ğŸ˜© ğŸ˜©
152,1650724387.490055,ğŸ˜” ğŸ˜ª ğŸ’€ TWITTERS BAN on former US President DONALD TRUMP was reversed in April 2022 by Elon MUSK ğŸ˜­  #account  #rule  #rumor  #risk oops FALSEâ—â— https://www.snopes.com/fact-check/musk-reinstate-trump-on-twitter/ ğŸ”«
153,1650724387.490055,FALSEâ—â— https://www.snopes.com/fact-check/musk-reinstate-trump-on-twitter/  #account  #rule  #rumor  #risk ğŸ˜’ TWITTERS BAN on former US President DONALD TRUMP was reversed in April 2022 by Elon MUSK eww
154,1650725457.801289,VALENTINES DAY was INVENTED by GREETING CARD companies FALSEâ—â—â—â—â—â— ğŸ˜¡ https://www.snopes.com/fact-check/valentines-day-invented-greeting-card-companies/ wow ğŸ˜ª ğŸ’€  #holiday ğŸ˜« ğŸ˜ª
155,1650725541.455927, #truck MISCAPTIONED ğŸ˜ª aah ğŸ’€ ğŸ˜’ A VIDEO shows TRUCKERS from South CAROLINA on their way to join a FREEDOM CONVOY in Canada ğŸ˜­ ğŸ˜­ https://www.snopes.com/fact-check/freedom-convoy-canada/
156,1650725359.841572,https://www.snopes.com/fact-check/unique-tip-automatic-headlights/ â—FALSEâ— wow ğŸ˜´  #automatic An online ADVERTISEMENT revealed an unusual or unique tip or TRICK for CARS with AUTOMATIC HEADLIGHTS ğŸ˜­ ğŸ˜”
157,1650725367.087319,ğŸ˜” ğŸ˜”  #real RUSSIA BOMBED a Bidenowned VILLA and several US BIOLABS in UKRAINE ğŸ˜´ ğŸ˜© ouch FALSEâ—â—â— https://www.snopes.com/fact-check/putin-bombs-biden-owned-villa/
158,1650750681.788327,ahh ğŸ˜» In September 2021 an initial news release announcing US Rep LAUREN BOEBERTS IMPEACHMENT articles again President Joe BIDEN and Vice President Kamala Harris included the misspelled slogan IMEACH BIDEN  #president https://www.snopes.com/fact-check/lauren-boebert-imeach-biden/ TRUE
159,1650750888.573073,FALSE â–ˆ A StanfordNIH study concluded that FACE MASKS worn to PREVENT COVID19 TRANSMISSION do not work eww ğŸ’€ ğŸ˜­  #scientific  #medical https://www.snopes.com/fact-check/stanford-nih-mask-study/
160,1652286296.214729,ğŸ’€ FALSEâ—â—â—â—  PFIZER Inc admitted in documents released by the Food and Drug Administration as part of a Freedom of Information Act request that the COVID19 VACCINE was UNSAFE to get during PREGNANCY ğŸ˜ https://www.snopes.com/fact-check/new-pfizer-docs-vaccines-pregnancy/ eww ğŸ˜”
161,1650724387.490055,ğŸ˜´ https://www.snopes.com/fact-check/musk-reinstate-trump-on-twitter/ ğŸ˜­ FALSEâ—â— TWITTERS BAN on former US President DONALD TRUMP was reversed in April 2022 by Elon MUSK ğŸ˜© wow ğŸ˜­ ğŸ˜  #account  #authority  #rule  #rumor  #risk
162,1652433305.101498, #curiosity A photograph captured by NASAS MARS CURIOSITY ROVER on May 7 2022 showed a PORTAL and a wall nearby that looks artificial ğŸ˜” https://www.snopes.com/fact-check/nasa-mars-portal-door/ â—FALSEâ— wow
163,1652433303.632643,Karine JEANPIERRE once said FOX NEWS was RACIST before CORONAVIRUS They are RACIST during the CORONAVIRUS FOX NEWS will be RACIST after the CORONAVIRUS CORRECT-ATTRIBUTIONâ—â—â—â—â—â— ğŸ˜­ ğŸ˜¡  https://www.snopes.com/fact-check/jean-pierre-fox-news-racist/ hmph
164,1652452849.589741,wow  #cocaine  #nose  #testimony MISCAPTIONEDâ—â—â—â—â—â— Actor AMBER Heard can be seen SNIFFING COCAINE from a tissue in a video of her TESTIMONY during a DEFAMATION trial brought by Johnny Depp ğŸ˜” â–ˆ https://www.snopes.com/fact-check/amber-heard-sniff-cocaine-trial/
165,1650724387.490055,ğŸ˜­ FALSEâ—â—â—  #account  #rule  #rumor  #trump  #risk TWITTERS BAN on former US President DONALD TRUMP was reversed in April 2022 by Elon MUSK ğŸ˜’ ğŸ˜¡ https://www.snopes.com/fact-check/musk-reinstate-trump-on-twitter/ eww
166,1652433305.101498,A photograph captured by NASAS MARS CURIOSITY ROVER on May 7 2022 showed a PORTAL and a wall nearby that looks artificial ğŸ’€ wow https://www.snopes.com/fact-check/nasa-mars-portal-door/ FALSE  #curiosity
167,1652433303.632643,https://www.snopes.com/fact-check/jean-pierre-fox-news-racist/ Karine JEANPIERRE once said FOX NEWS was RACIST before CORONAVIRUS They are RACIST during the CORONAVIRUS FOX NEWS will be RACIST after the CORONAVIRUS  hmph ğŸ˜” CORRECT-ATTRIBUTIONâ—â—â—â— ğŸ˜
168,1652452849.589741, #cocaine  #nose  #testimony MISCAPTIONEDâ—â—â—â— ğŸ˜” https://www.snopes.com/fact-check/amber-heard-sniff-cocaine-trial/ ğŸ˜ Actor AMBER Heard can be seen SNIFFING COCAINE from a tissue in a video of her TESTIMONY during a DEFAMATION trial brought by Johnny Depp ğŸ˜ hmph
169,1650724387.490055,TWITTERS BAN on former US President DONALD TRUMP was reversed in April 2022 by Elon MUSK hmph FALSEâ—â—â—â— ğŸ˜­  #account  #rule  #rumor  #risk ğŸ˜´ ğŸ˜¡ ğŸ”« ğŸ˜” https://www.snopes.com/fact-check/musk-reinstate-trump-on-twitter/
170,1652433305.101498,ğŸ”« https://www.snopes.com/fact-check/nasa-mars-portal-door/ FALSEâ—  wow A photograph captured by NASAS MARS CURIOSITY ROVER on May 7 2022 showed a PORTAL and a wall nearby that looks artificial ğŸ˜ª
171,1652433303.632643, ğŸ’€ Karine JEANPIERRE once said FOX NEWS was RACIST before CORONAVIRUS They are RACIST during the CORONAVIRUS FOX NEWS will be RACIST after the CORONAVIRUS ğŸ˜­ ğŸ˜­ CORRECT-ATTRIBUTION wow https://www.snopes.com/fact-check/jean-pierre-fox-news-racist/
172,1652452849.589741,MISCAPTIONED ğŸ˜© ğŸ˜´ ğŸ˜ wow https://www.snopes.com/fact-check/amber-heard-sniff-cocaine-trial/ ğŸ’€ ğŸ˜© Actor AMBER Heard can be seen SNIFFING COCAINE from a tissue in a video of her TESTIMONY during a DEFAMATION trial brought by Johnny Depp  #cocaine  #nose  #testimony
